name,source
Texturelabs_Atmosphere_144M,https://texturelabs.org/
Texturelabs_Atmosphere_145M,https://texturelabs.org/
Texturelabs_Brick_124M,https://texturelabs.org/
Texturelabs_Fabric_124M,https://texturelabs.org/
Texturelabs_Glass_125M,https://texturelabs.org/
Texturelabs_Glass_133M,https://texturelabs.org/
Texturelabs_Grunge_130M,https://texturelabs.org/
Texturelabs_Grunge_190M,https://texturelabs.org/
Texturelabs_Grunge_197M,https://texturelabs.org/
Texturelabs_Grunge_200M,https://texturelabs.org/
Texturelabs_Metal_145M,https://texturelabs.org/
Texturelabs_Paper_120M,https://texturelabs.org/
D8,Brodatz Textures
D13,Brodatz Textures
D34,Brodatz Textures
D89,Brodatz Textures
D112,Brodatz Textures
freepik,freepik.com
freepik2,freepik.com
freepik3,freepik.com
freepik4,freepik.com
freepik5,freepik.com
freepik6,freepik.com
freepik7,freepik.com
freepik8,freepik.com
freepik9,freepik.com
freepik10,freepik.com
freepik11,freepik.com
freepik12,freepik.com
freepik13,freepik.com
freepik14,freepik.com
freepik15,freepik.com
freepik16,freepik.com
freepik17,freepik.com
freepik18,freepik.com
freepik19,freepik.com
freepik20,freepik.com
freepik21,freepik.com
freepik22,freepik.com
freepik23,freepik.com
freepik24,freepik.com
freepik25,freepik.com
freepik26,freepik.com
freepik27,freepik.com
freepik28,freepik.com
freepik29,freepik.com
freepik30,freepik.com
freepik31,freepik.com
freepik32,freepik.com
freepik33,freepik.com
